{
   "entries": {
      "resourceKind": [
         {
            "resourceKindKey": "HostSystem",
            "internalId": "resourceKind:id:1_::_",
            "adapterKindKey": "VMWARE"
         },
         {
            "resourceKindKey": "VirtualMachine",
            "internalId": "resourceKind:id:2_::_",
            "adapterKindKey": "VMWARE"
         },
         {
            "resourceKindKey": "ClusterComputeResource",
            "internalId": "resourceKind:id:0_::_",
            "adapterKindKey": "VMWARE"
         }
      ],
      "resource": [{
         "resourceKindKey": "vSphere World",
         "internalId": "resource:id:0_::_",
         "adapterKindKey": "VMWARE",
         "identifiers": [],
         "name": "vSphere World"
      }]
   },
   "dashboards": [{
      "shared": true,
      "temporary": false,
      "hidden": false,
      "creationTime": 1742490454483,
      "autoswitchEnabled": false,
      "importAttempts": 0,
      "lastUpdateUserId": "6bed9b1c-c980-45cc-87a1-c92ecd7e8943",
      "columnProportion": "1-1",
      "importComplete": true,
      "description": "",
      "columnCount": 1,
      "widgets": [
         {
            "collapsed": false,
            "id": "83860a29-ee6c-461f-89bb-634d01434687",
            "gridsterCoords": {
               "w": 4,
               "x": 5,
               "h": 14,
               "y": 7
            },
            "type": "MetricChart",
            "title": "Balance Overview",
            "config": {
               "depth": 1,
               "refreshInterval": 300,
               "metric": {
                  "mode": "resourceKind",
                  "resourceMetrics": [],
                  "resourceKindMetrics": [
                     {
                        "yellowBound": null,
                        "metricName": "Cluster Services|Total Imbalance",
                        "metricKey": "clusterServices|total_imbalance",
                        "handleOldColoring": false,
                        "resourceKindName": "Cluster Compute Resource",
                        "isStringMetric": false,
                        "resourceKindId": "resourceKind:id:0_::_",
                        "redBound": null,
                        "id": "extModel2301-1",
                        "orangeBound": null,
                        "colorMethod": 2
                     },
                     {
                        "yellowBound": null,
                        "metricUnitId": "percent",
                        "metricName": "CPU|Contention",
                        "metricKey": "cpu|capacity_contentionPct",
                        "handleOldColoring": false,
                        "resourceKindName": "Cluster Compute Resource",
                        "isStringMetric": false,
                        "resourceKindId": "resourceKind:id:0_::_",
                        "orangeBound": null,
                        "unit": "%",
                        "redBound": null,
                        "id": "extModel3942-1",
                        "colorMethod": 2
                     },
                     {
                        "yellowBound": null,
                        "metricUnitId": "percent",
                        "metricName": "Memory|Contention",
                        "metricKey": "mem|host_contentionPct",
                        "handleOldColoring": false,
                        "resourceKindName": "Cluster Compute Resource",
                        "isStringMetric": false,
                        "resourceKindId": "resourceKind:id:0_::_",
                        "orangeBound": null,
                        "unit": "%",
                        "redBound": null,
                        "id": "extModel3942-2",
                        "colorMethod": 2
                     },
                     {
                        "yellowBound": null,
                        "metricName": "Summary|DRS Unhappy VMs",
                        "metricKey": "summary|drs_unhappy_vms",
                        "handleOldColoring": false,
                        "resourceKindName": "Cluster Compute Resource",
                        "isStringMetric": false,
                        "resourceKindId": "resourceKind:id:0_::_",
                        "redBound": null,
                        "id": "extModel23986-1",
                        "orangeBound": null,
                        "colorMethod": 2
                     },
                     {
                        "yellowBound": null,
                        "metricUnitId": "percent",
                        "metricName": "CPU|Worst VM CPU Co-Stop",
                        "metricKey": "cpu|max_cpu_costop",
                        "handleOldColoring": false,
                        "resourceKindName": "Cluster Compute Resource",
                        "isStringMetric": false,
                        "resourceKindId": "resourceKind:id:0_::_",
                        "orangeBound": null,
                        "unit": "%",
                        "redBound": null,
                        "id": "extModel8865-1",
                        "colorMethod": 2
                     }
                  ],
                  "subMode": "resourceKindAll"
               },
               "resource": [],
               "refreshContent": {"refreshContent": true},
               "relationshipMode": {"relationshipMode": 0},
               "customFilter": {
                  "filter": [],
                  "excludedResources": null,
                  "includedResources": null
               },
               "selfProvider": {"selfProvider": false},
               "title": "Balance Overview",
               "resInteractionMode": null
            },
            "height": 780,
            "states": [
               {
                  "value": "b%3A1",
                  "key": "perm_toolbarVisible_widget_0e05de38-86d8-4335-b98e-afae5c38cb15_83860a29-ee6c-461f-89bb-634d01434687"
               },
               {
                  "value": "o%3A",
                  "key": "permMetricChart_widget_0e05de38-86d8-4335-b98e-afae5c38cb15_83860a29-ee6c-461f-89bb-634d01434687"
               },
               {
                  "value": "s%3A%7B%22dateRange%22%3A%22dashboardTime%22%2C%22dateFrom%22%3Anull%2C%22dateTo%22%3Anull%2C%22timeFrom%22%3Anull%2C%22timeTo%22%3Anull%7D",
                  "key": "permDateRange1_permMetricChart_widget_0e05de38-86d8-4335-b98e-afae5c38cb15_83860a29-ee6c-461f-89bb-634d01434687"
               }
            ]
         },
         {
            "collapsed": false,
            "id": "66d59a29-9a90-4862-8fd9-d3d66bb3678d",
            "gridsterCoords": {
               "w": 4,
               "x": 1,
               "h": 8,
               "y": 7
            },
            "type": "MetricChart",
            "title": "vMotion",
            "config": {
               "depth": 1,
               "refreshInterval": 300,
               "metric": {
                  "mode": "resourceKind",
                  "resourceMetrics": [],
                  "resourceKindMetrics": [
                     {
                        "yellowBound": null,
                        "metricName": "Number of VM Operations|vMotion|Total vMotions",
                        "metricKey": "vmop|vmotion|total_successes",
                        "handleOldColoring": false,
                        "resourceKindName": "Cluster Compute Resource",
                        "isStringMetric": false,
                        "resourceKindId": "resourceKind:id:0_::_",
                        "redBound": null,
                        "id": "extModel2004-1",
                        "orangeBound": null,
                        "colorMethod": 2
                     },
                     {
                        "yellowBound": null,
                        "metricName": "Number of VM Operations|vMotion|vMotion Failures",
                        "metricKey": "vmop|vmotion|total_failures",
                        "handleOldColoring": false,
                        "resourceKindName": "Cluster Compute Resource",
                        "isStringMetric": false,
                        "resourceKindId": "resourceKind:id:0_::_",
                        "redBound": null,
                        "id": "extModel2004-2",
                        "orangeBound": null,
                        "colorMethod": 2
                     }
                  ],
                  "subMode": "resourceKindAll"
               },
               "resource": [],
               "refreshContent": {"refreshContent": true},
               "relationshipMode": {"relationshipMode": 0},
               "customFilter": {
                  "filter": [],
                  "excludedResources": null,
                  "includedResources": null
               },
               "selfProvider": {"selfProvider": false},
               "title": "vMotion",
               "resInteractionMode": null
            },
            "height": 438,
            "states": [
               {
                  "value": "o%3A",
                  "key": "permMetricChart_widget_0e05de38-86d8-4335-b98e-afae5c38cb15_66d59a29-9a90-4862-8fd9-d3d66bb3678d"
               },
               {
                  "value": "b%3A0",
                  "key": "permBtn_pan_permMetricChart_widget_0e05de38-86d8-4335-b98e-afae5c38cb15_66d59a29-9a90-4862-8fd9-d3d66bb3678d"
               },
               {
                  "value": "s%3A%7B%22dateRange%22%3A%22dashboardTime%22%2C%22dateFrom%22%3Anull%2C%22dateTo%22%3Anull%2C%22timeFrom%22%3Anull%2C%22timeTo%22%3Anull%7D",
                  "key": "permDateRange1_permMetricChart_widget_0e05de38-86d8-4335-b98e-afae5c38cb15_66d59a29-9a90-4862-8fd9-d3d66bb3678d"
               },
               {
                  "value": "b%3A0",
                  "key": "permBtn_zoomAllGraphs_permMetricChart_widget_0e05de38-86d8-4335-b98e-afae5c38cb15_66d59a29-9a90-4862-8fd9-d3d66bb3678d"
               }
            ]
         },
         {
            "collapsed": false,
            "id": "ed819f8e-a211-45d8-a06e-57b1c42392ae",
            "gridsterCoords": {
               "w": 4,
               "x": 9,
               "h": 14,
               "y": 1
            },
            "type": "MetricChart",
            "title": "Cluster Balance Details",
            "config": {
               "depth": 1,
               "refreshInterval": 300,
               "metric": {
                  "mode": "resourceKind",
                  "resourceMetrics": [],
                  "resourceKindMetrics": [
                     {
                        "yellowBound": 50,
                        "metricUnitId": null,
                        "metricName": "Super Metrics|CPU Demand StdDev",
                        "metricKey": "Super Metric|sm_1aed2524-0b11-4db8-8dbb-94f9088f6e3f",
                        "handleOldColoring": false,
                        "resourceKindName": "Cluster Compute Resource",
                        "isStringMetric": false,
                        "resourceKindId": "resourceKind:id:0_::_",
                        "orangeBound": 60,
                        "unit": "",
                        "redBound": 70,
                        "id": "extModel6356-1",
                        "colorMethod": 0
                     },
                     {
                        "yellowBound": 50,
                        "metricUnitId": null,
                        "metricName": "Super Metrics|Memory Demand StdDev",
                        "metricKey": "Super Metric|sm_c036199c-5544-463f-9fd5-71a6fd1907bd",
                        "handleOldColoring": false,
                        "resourceKindName": "Cluster Compute Resource",
                        "isStringMetric": false,
                        "resourceKindId": "resourceKind:id:0_::_",
                        "orangeBound": 60,
                        "unit": "",
                        "redBound": 70,
                        "id": "extModel11240-1",
                        "colorMethod": 0
                     },
                     {
                        "yellowBound": 90,
                        "metricUnitId": null,
                        "metricName": "Super Metrics|Happiness Ratio",
                        "metricKey": "Super Metric|sm_21cece9d-6178-4977-b3d7-34ede1470cbe",
                        "handleOldColoring": false,
                        "resourceKindName": "Cluster Compute Resource",
                        "isStringMetric": false,
                        "resourceKindId": "resourceKind:id:0_::_",
                        "orangeBound": 80,
                        "unit": "",
                        "redBound": 70,
                        "id": "extModel6960-1",
                        "colorMethod": 0
                     }
                  ],
                  "subMode": "resourceKindAll"
               },
               "resource": [],
               "refreshContent": {"refreshContent": true},
               "relationshipMode": {"relationshipMode": 0},
               "customFilter": {
                  "filter": [],
                  "excludedResources": null,
                  "includedResources": null
               },
               "selfProvider": {"selfProvider": false},
               "title": "Cluster Balance Details",
               "resInteractionMode": null
            },
            "height": 779,
            "states": [
               {
                  "value": "o%3A",
                  "key": "permMetricChart_widget_0e05de38-86d8-4335-b98e-afae5c38cb15_ed819f8e-a211-45d8-a06e-57b1c42392ae"
               },
               {
                  "value": "b%3A0",
                  "key": "permBtn_pan_permMetricChart_widget_0e05de38-86d8-4335-b98e-afae5c38cb15_ed819f8e-a211-45d8-a06e-57b1c42392ae"
               },
               {
                  "value": "s%3A%7B%22dateRange%22%3A%22dashboardTime%22%2C%22dateFrom%22%3Anull%2C%22dateTo%22%3Anull%2C%22timeFrom%22%3Anull%2C%22timeTo%22%3Anull%7D",
                  "key": "permDateRange1_permMetricChart_widget_0e05de38-86d8-4335-b98e-afae5c38cb15_ed819f8e-a211-45d8-a06e-57b1c42392ae"
               },
               {
                  "value": "b%3A1",
                  "key": "perm_toolbarVisible_widget_0e05de38-86d8-4335-b98e-afae5c38cb15_ed819f8e-a211-45d8-a06e-57b1c42392ae"
               },
               {
                  "value": "b%3A0",
                  "key": "permBtn_zoomAllGraphs_permMetricChart_widget_0e05de38-86d8-4335-b98e-afae5c38cb15_ed819f8e-a211-45d8-a06e-57b1c42392ae"
               }
            ]
         },
         {
            "collapsed": false,
            "id": "ef133365-ba32-4c12-892d-79423fd5124e",
            "gridsterCoords": {
               "w": 4,
               "x": 9,
               "h": 6,
               "y": 15
            },
            "type": "Heatmap",
            "title": "VM Performance (current)",
            "config": {
               "mode": "all",
               "configs": [
                  {
                     "colorBy": {
                        "metricKey": "mem|host_contentionPct",
                        "value": "Memory|Contention (%)"
                     },
                     "focusOnGroups": true,
                     "color": {
                        "thresholds": {
                           "values": [
                              0,
                              50,
                              100
                           ],
                           "colors": [
                              "#8ABF5B",
                              "#EACC58",
                              "#E4695E"
                           ]
                        },
                        "minValue": 0,
                        "maxValue": 10
                     },
                     "sizeBy": {
                        "metricKey": "mem|guest_provisioned",
                        "value": "Memory|Total Capacity (KB)"
                     },
                     "relationalGrouping": false,
                     "groupBy": {
                        "resourceKind": "HostSystem",
                        "adapterKind": "VMWARE",
                        "typeId": "resourceKind:id:1_::_",
                        "id": "004null002006VMWAREHostSystem",
                        "text": "Host System",
                        "type": "resourceKind",
                        "parentText": "vCenter",
                        "parentId": "VMWARE"
                     },
                     "attributeKind": {"value": ""},
                     "thenBy": null,
                     "mode": {"mode": false},
                     "resourceKind": "resourceKind:id:2_::_",
                     "filterMode": "tagPicker",
                     "tagFilter": null,
                     "solidColoring": false,
                     "name": "Memory",
                     "customFilter": {
                        "filter": [],
                        "excludedResources": null,
                        "includedResources": null
                     }
                  },
                  {
                     "colorBy": {
                        "metricKey": "cpu|capacity_contentionPct",
                        "value": "CPU|Contention (%)"
                     },
                     "focusOnGroups": true,
                     "color": {"thresholds": {
                        "values": [
                           0,
                           50,
                           100
                        ],
                        "colors": [
                           "#8ABF5B",
                           "#8ABF5B",
                           "#EACC58",
                           "#E4695E"
                        ]
                     }},
                     "sizeBy": {
                        "metricKey": "config|hardware|num_Cpu",
                        "value": "Configuration|Hardware|Number of CPUs (vCPUs)"
                     },
                     "relationalGrouping": false,
                     "groupBy": {
                        "originalText": "Host System",
                        "resourceKind": "HostSystem",
                        "adapterKind": "VMWARE",
                        "typeId": "resourceKind:id:1_::_",
                        "id": "004null002006VMWAREHostSystem",
                        "text": "Host System",
                        "type": "resourceKind",
                        "parentText": "vCenter",
                        "parentId": "VMWARE"
                     },
                     "attributeKind": {"value": ""},
                     "thenBy": null,
                     "mode": {"mode": false},
                     "resourceKind": "resourceKind:id:2_::_",
                     "filterMode": "tagPicker",
                     "tagFilter": null,
                     "solidColoring": false,
                     "name": "CPU",
                     "customFilter": {
                        "filter": [],
                        "excludedResources": null,
                        "includedResources": null
                     },
                     "id": "extModel32629-1"
                  }
               ],
               "depth": 10,
               "refreshInterval": 300,
               "resource": [],
               "refreshContent": {"refreshContent": false},
               "relationshipMode": {"relationshipMode": -1},
               "selfProvider": {"selfProvider": false},
               "title": "VM Performance (current)",
               "value": 0
            },
            "height": 324,
            "states": [
               {
                  "value": "o%3A",
                  "key": "perm_HeatMap_widget_0e05de38-86d8-4335-b98e-afae5c38cb15_ef133365-ba32-4c12-892d-79423fd5124e"
               },
               {
                  "value": "b%3A1",
                  "key": "perm_toolbarVisible_widget_0e05de38-86d8-4335-b98e-afae5c38cb15_ef133365-ba32-4c12-892d-79423fd5124e"
               }
            ]
         },
         {
            "collapsed": false,
            "id": "acdf9148-02be-4c6c-bfcb-8e5656e572ce",
            "gridsterCoords": {
               "w": 4,
               "x": 1,
               "h": 6,
               "y": 15
            },
            "type": "Heatmap",
            "title": "ESXi Performance (current)",
            "config": {
               "mode": "all",
               "configs": [
                  {
                     "colorBy": {
                        "metricKey": "mem|host_contentionPct",
                        "value": "Memory|Contention (%)"
                     },
                     "focusOnGroups": true,
                     "color": {
                        "thresholds": {
                           "values": [
                              0,
                              50,
                              100
                           ],
                           "colors": [
                              "#8ABF5B",
                              "#EACC58",
                              "#E4695E"
                           ]
                        },
                        "minValue": 0,
                        "maxValue": 10
                     },
                     "sizeBy": {
                        "metricKey": "mem|host_demand",
                        "value": "Memory|Machine Demand (KB)"
                     },
                     "relationalGrouping": false,
                     "groupBy": {
                        "originalText": "Cluster Compute Resource",
                        "resourceKind": "ClusterComputeResource",
                        "adapterKind": "VMWARE",
                        "typeId": "resourceKind:id:0_::_",
                        "id": "004null002006VMWAREClusterComputeResource",
                        "text": "Cluster Compute Resource",
                        "type": "resourceKind",
                        "parentText": "vCenter",
                        "parentId": "VMWARE"
                     },
                     "attributeKind": {"value": ""},
                     "thenBy": null,
                     "mode": {"mode": false},
                     "resourceKind": "resourceKind:id:1_::_",
                     "filterMode": "tagPicker",
                     "tagFilter": null,
                     "solidColoring": false,
                     "name": "Memory",
                     "customFilter": {
                        "filter": [],
                        "excludedResources": null,
                        "includedResources": null
                     },
                     "id": "extModel12902-1"
                  },
                  {
                     "colorBy": {
                        "metricKey": "cpu|capacity_contentionPct",
                        "value": "CPU|Contention (%)"
                     },
                     "focusOnGroups": true,
                     "color": {
                        "thresholds": {
                           "values": [
                              0,
                              50,
                              100
                           ],
                           "colors": [
                              "#8ABF5B",
                              "#EACC58",
                              "#E4695E"
                           ]
                        },
                        "minValue": 0,
                        "maxValue": 10
                     },
                     "sizeBy": {
                        "metricKey": "cpu|demandPct",
                        "value": "CPU|Demand (%)"
                     },
                     "relationalGrouping": false,
                     "groupBy": {
                        "originalText": "Cluster Compute Resource",
                        "resourceKind": "ClusterComputeResource",
                        "adapterKind": "VMWARE",
                        "typeId": "resourceKind:id:0_::_",
                        "id": "004null002006VMWAREClusterComputeResource",
                        "text": "Cluster Compute Resource",
                        "type": "resourceKind",
                        "parentText": "vCenter",
                        "parentId": "VMWARE"
                     },
                     "attributeKind": {"value": ""},
                     "thenBy": null,
                     "mode": {"mode": false},
                     "resourceKind": "resourceKind:id:1_::_",
                     "filterMode": "tagPicker",
                     "tagFilter": null,
                     "solidColoring": false,
                     "name": "CPU",
                     "customFilter": {
                        "filter": [],
                        "excludedResources": null,
                        "includedResources": null
                     }
                  }
               ],
               "depth": 10,
               "refreshInterval": 300,
               "resource": [],
               "refreshContent": {"refreshContent": false},
               "relationshipMode": {"relationshipMode": [
                  1,
                  -1,
                  0
               ]},
               "selfProvider": {"selfProvider": false},
               "title": "ESXi Performance (current)",
               "value": 1
            },
            "height": 324,
            "states": [
               {
                  "value": "b%3A1",
                  "key": "perm_toolbarVisible_widget_0e05de38-86d8-4335-b98e-afae5c38cb15_acdf9148-02be-4c6c-bfcb-8e5656e572ce"
               },
               {
                  "value": "o%3A",
                  "key": "perm_HeatMap_widget_0e05de38-86d8-4335-b98e-afae5c38cb15_acdf9148-02be-4c6c-bfcb-8e5656e572ce"
               }
            ]
         },
         {
            "collapsed": false,
            "id": "cd6a9e06-ee45-4e75-b16c-ba2a58b4d931",
            "gridsterCoords": {
               "w": 8,
               "x": 1,
               "h": 6,
               "y": 1
            },
            "type": "View",
            "title": "Clusters",
            "config": {
               "refreshInterval": 300,
               "resource": {
                  "resourceId": "resource:id:0_::_",
                  "traversalSpecId": "",
                  "resourceName": "vSphere World",
                  "resourceKindId": "002006VMWAREvSphere World",
                  "id": "Ext.vcops.chrome.model.Resource-3"
               },
               "traversalSpecId": null,
               "refreshContent": {"refreshContent": false},
               "isUpdatedView": true,
               "chartViewItems": [],
               "selectFirstRow": {"selectFirstRow": true},
               "selfProvider": {"selfProvider": true},
               "title": "Clusters",
               "viewDefinitionId": "89509cec-2d6d-47ef-992e-cb75557b012a"
            },
            "height": 324,
            "states": [{
               "value": "o%3Acolumns%3Da%253Ao%25253Aid%25253Ds%2525253ApermTableView_widget_0e05de38-86d8-4335-b98e-afae5c38cb15_cd6a9e06-ee45-4e75-b16c-ba2a58b4d931-column-0%25255Ehidden%25253Db%2525253A0%255Eo%25253Aid%25253Ds%2525253ApermTableView_widget_0e05de38-86d8-4335-b98e-afae5c38cb15_cd6a9e06-ee45-4e75-b16c-ba2a58b4d931-column-configuration%2525257Cdrsconfig%2525257CenabledAndFullyAutomated1%25255Ehidden%25253Db%2525253A0%255Eo%25253Aid%25253Ds%2525253ApermTableView_widget_0e05de38-86d8-4335-b98e-afae5c38cb15_cd6a9e06-ee45-4e75-b16c-ba2a58b4d931-column-configuration%2525257Cdrsconfig%2525257CtargetBalance2%25255Ehidden%25253Db%2525253A0%255Eo%25253Aid%25253Ds%2525253ApermTableView_widget_0e05de38-86d8-4335-b98e-afae5c38cb15_cd6a9e06-ee45-4e75-b16c-ba2a58b4d931-column-clusterServices%2525257Ctotal_imbalance3%25255Ehidden%25253Db%2525253A0%255Eo%25253Aid%25253Ds%2525253ApermTableView_widget_0e05de38-86d8-4335-b98e-afae5c38cb15_cd6a9e06-ee45-4e75-b16c-ba2a58b4d931-column-Super%25252520Metric%2525257Csm_21cece9d-6178-4977-b3d7-34ede1470cbe4%25255Ehidden%25253Db%2525253A0%255Eo%25253Aid%25253Ds%2525253ApermTableView_widget_0e05de38-86d8-4335-b98e-afae5c38cb15_cd6a9e06-ee45-4e75-b16c-ba2a58b4d931-column-cpu%2525257Cmax_cpu_ready5%25255Ehidden%25253Db%2525253A0%255Eo%25253Aid%25253Ds%2525253ApermTableView_widget_0e05de38-86d8-4335-b98e-afae5c38cb15_cd6a9e06-ee45-4e75-b16c-ba2a58b4d931-column-mem%2525257Cmax_vm_mem_contention6%25255Ehidden%25253Db%2525253A0%255Eo%25253Aid%25253Ds%2525253ApermTableView_widget_0e05de38-86d8-4335-b98e-afae5c38cb15_cd6a9e06-ee45-4e75-b16c-ba2a58b4d931-column-storage%2525257Cmax_vm_disk_latency7%25255Ehidden%25253Db%2525253A0",
               "key": "permTableView_widget_0e05de38-86d8-4335-b98e-afae5c38cb15_cd6a9e06-ee45-4e75-b16c-ba2a58b4d931"
            }]
         }
      ],
      "userId": "6bed9b1c-c980-45cc-87a1-c92ecd7e8943",
      "states": [{
         "value": "o%3AdateRange%3Ds%253Alast7Days%5EdateRangeText%3Ds%253A7D",
         "key": "permDashboardTime_dashboard_0e05de38-86d8-4335-b98e-afae5c38cb15"
      }],
      "homeTab": false,
      "name": "DRS Efficiency",
      "gridsterMaxColumns": 12,
      "rank": 0,
      "disabled": false,
      "id": "0e05de38-86d8-4335-b98e-afae5c38cb15",
      "locked": false,
      "dashboardNavigations": {},
      "widgetInteractions": [
         {
            "widgetIdProvider": "cd6a9e06-ee45-4e75-b16c-ba2a58b4d931",
            "type": "resourceId",
            "widgetIdReceiver": "66d59a29-9a90-4862-8fd9-d3d66bb3678d"
         },
         {
            "widgetIdProvider": "cd6a9e06-ee45-4e75-b16c-ba2a58b4d931",
            "type": "resourceId",
            "widgetIdReceiver": "83860a29-ee6c-461f-89bb-634d01434687"
         },
         {
            "widgetIdProvider": "cd6a9e06-ee45-4e75-b16c-ba2a58b4d931",
            "type": "resourceId",
            "widgetIdReceiver": "ed819f8e-a211-45d8-a06e-57b1c42392ae"
         },
         {
            "widgetIdProvider": "cd6a9e06-ee45-4e75-b16c-ba2a58b4d931",
            "type": "resourceId",
            "widgetIdReceiver": "ef133365-ba32-4c12-892d-79423fd5124e"
         },
         {
            "widgetIdProvider": "cd6a9e06-ee45-4e75-b16c-ba2a58b4d931",
            "type": "resourceId",
            "widgetIdReceiver": "acdf9148-02be-4c6c-bfcb-8e5656e572ce"
         }
      ],
      "lastUpdateTime": 1742566525841
   }],
   "uuid": "5fc2b7ad-eea9-4727-8e1d-fa72b1e836ca"
}